Agdenes,Methodism,3
Agdenes,Atheist,5
Alstahaug,Atheist,1
Alstahaug,Methodism,2
Alstahaug,Evangelical Lutheran Free Church,3
Alta,Catholism,3
Alta,Lutheranism,1
Alvdal,Catholism,3
Alvdal,Atheist,10
Alvdal,Baptist,1
Andøy,Baptist,392
Andøy,Adventism,2
Andøy,Catholism,1
Andøy,Lutheranism,37
Andøy,Atheist,286
Andøy,Evangelical Lutheran Free Church,96
Andøy,Methodism,6
Aremark,Baptist,10
Aremark,Atheist,7
Aremark,Methodism,5
Aremark,Lutheranism,5
Aremark,Evangelical Lutheran Free Church,26
Arendal,Methodism,559
Arendal,Kristi Menighet,3
Arendal,Lutheranism,158
Arendal,Jew,2
Arendal,Guds Menighed,41
Arendal,Mormon,6
Arendal,Baptist,159
Arendal,Frelsesarmeen,9
Arendal,Evangelical Lutheran Free Church,502
Arendal,Catholism,5
Arendal,Guds Menighet,7
Arendal,Atheist,233
Arendal,Dissenter,27
Arendal,Svensk S,1
Arendal,Protestant,1
Arendal,Adventism,35
Asker,Dissenter,9
Asker,Kristi Menighet,14
Asker,Baptist,1
Asker,Evangelical Lutheran Free Church,7
Asker,Atheist,112
Asker,Lutheranism,1
Asker,Catholism,1
Asker,Adventism,1
Asker,Methodism,7
Askim,Dissenter,3
Askim,Evangelical Lutheran Free Church,1
Askim,Adventism,6
Askim,Methodism,17
Askim,Baptist,12
Askim,Kristi Menighet,2
Askim,Atheist,13
Askvoll,Atheist,1
Askvoll,Adventism,1
Askøy,Frelsesarmeen,1
Askøy,Lutheranism,2
Askøy,Catholism,1
Askøy,Methodism,32
Askøy,Atheist,12
Audnedal,Methodism,2
Audnedal,Atheist,32
Audnedal,Evangelical Lutheran Free Church,7
Audnedal,Adventism,5
Audnedal,Frelsesarmeen,1
Aure,Atheist,1
Aurland,Adventism,1
Aurland,Atheist,3
Aurland,Lutheranism,4
Aurskog-Høland,Lutheranism,1
Aurskog-Høland,Atheist,7
Aurskog-Høland,Methodism,9
Austevoll,Atheist,5
Austrheim,Baptist,3
Austrheim,Atheist,9
Averøy,Atheist,4
Averøy,Frelsesarmeen,1
Averøy,Baptist,7
Averøy,Lutheranism,2
Averøy,Methodism,4
Balsfjord,Evangelical Lutheran Free Church,2
Balsfjord,Frimissionen,2
Balsfjord,Baptist,70
Balsfjord,Atheist,118
Balsfjord,Adventism,3
Balsfjord,Lutheranism,3
Balsfjord,Dissenter,24
Balsfjord,Catholism,1
Bamble,Frelsesarmeen,1
Bamble,Baptist,24
Bamble,Lutheranism,14
Bamble,Atheist,87
Bamble,Mormon,1
Bamble,Dissenter,2
Bamble,Evangelical Lutheran Free Church,89
Bamble,Methodism,66
Bardu,Atheist,29
Bardu,Lutheranism,1
Beiarn,Atheist,4
Berg,Lutheranism,66
Berg,Kristi Menighet,58
Berg,Methodism,179
Berg,Evangelical Lutheran Free Church,46
Berg,Baptist,147
Berg,Atheist,56
Berg,Svensk S,11
Berg,Mormon,6
Bergen,Jew,17
Bergen,Adventism,66
Bergen,Protestant,2
Bergen,Kristi Menighet,21
Bergen,Catholism,262
Bergen,Atheist,626
Bergen,Quakers,1
Bergen,Lutheranism,159
Bergen,Frelsesarmeen,1
Bergen,Methodism,783
Bergen,Evangelical Lutheran Free Church,46
Bergen,Mormon,2
Bergen,Baptist,161
Bergen,Dissenter,26
Bergen,Frimissionen,3
Bergen,Svensk S,1
Birkenes,Atheist,45
Birkenes,Dissenter,1
Birkenes,Methodism,3
Birkenes,Evangelical Lutheran Free Church,15
Birkenes,Adventism,1
Birkenes,Lutheranism,1
Bjerkreim,Atheist,15
Bjerkreim,Quakers,4
Bjerkreim,Baptist,11
Bjugn,Baptist,10
Bjugn,Atheist,7
Bodø,Mormon,2
Bodø,Methodism,78
Bodø,Atheist,57
Bodø,Adventism,3
Bodø,Lutheranism,59
Bodø,Evangelical Lutheran Free Church,52
Bremanger,Baptist,1
Bremanger,Atheist,9
Bremanger,Adventism,1
Brønnøy,Adventism,9
Brønnøy,Atheist,16
Bygland,Atheist,8
Bærum,Kristi Menighet,19
Bærum,Adventism,7
Bærum,Baptist,10
Bærum,Atheist,96
Bærum,Catholism,15
Bærum,Lutheranism,34
Bærum,Methodism,81
Bærum,Protestant,9
Bærum,Evangelical Lutheran Free Church,20
Bærum,Dissenter,3
Bærum,Frelsesarmeen,10
Bø (Telemark),Dissenter,30
Bø (Telemark),Evangelical Lutheran Free Church,16
Bø (Telemark),Atheist,87
Bø (Telemark),Adventism,7
Bø (Telemark),Guds Menighet,1
Bø (Telemark),Methodism,87
Bø (Telemark),Frimissionen,8
Bø (Telemark),Kristi Menighet,6
Bø (Telemark),Baptist,50
Bø (Telemark),Catholism,17
Bø (Telemark),Lutheranism,18
Bømlo,Atheist,47
Bømlo,Adventism,3
Bømlo,Baptist,6
Bømlo,Methodism,3
Dovre,Adventism,1
Dovre,Atheist,20
Dovre,Baptist,3
Drammen,Frelsesarmeen,3
Drammen,Evangelical Lutheran Free Church,161
Drammen,Guds Menighed,10
Drammen,Quakers,1
Drammen,Adventism,36
Drammen,Baptist,55
Drammen,Svensk S,4
Drammen,Jew,2
Drammen,Mormon,7
Drammen,Methodism,271
Drammen,Catholism,87
Drammen,Kristi Menighet,9
Drammen,Lutheranism,131
Drammen,Protestant,7
Drammen,Dissenter,17
Drammen,Atheist,269
Drangedal,Atheist,9
Drangedal,Lutheranism,37
Drangedal,Evangelical Lutheran Free Church,35
Drangedal,Guds Menighet,24
Drangedal,Dissenter,31
Dyrøy,Baptist,2
Dyrøy,Atheist,4
Dønna,Lutheranism,3
Dønna,Atheist,2
Dønna,Adventism,13
Eid,Catholism,1
Eid,Atheist,24
Eide,Atheist,4
Eidsberg,Catholism,1
Eidsberg,Adventism,1
Eidsberg,Atheist,4
Eidsberg,Methodism,41
Eidsberg,Evangelical Lutheran Free Church,38
Eidskog,Methodism,1
Eidskog,Lutheranism,12
Eidskog,Dissenter,1
Eidskog,Atheist,21
Eidsvoll,Atheist,255
Eidsvoll,Mormon,9
Eidsvoll,Evangelical Lutheran Free Church,1
Eidsvoll,Methodism,2
Eidsvoll,Adventism,4
Eidsvoll,Baptist,24
Eidsvoll,Lutheranism,9
Eidsvoll,Dissenter,8
Eigersund,Baptist,1
Eigersund,Dissenter,16
Eigersund,Kristi Menighet,8
Eigersund,Adventism,9
Eigersund,Lutheranism,15
Eigersund,Quakers,344
Eigersund,Atheist,93
Eigersund,Frelsesarmeen,4
Eigersund,Evangelical Lutheran Free Church,61
Eigersund,Methodism,32
Elverum,Frimissionen,8
Elverum,Methodism,11
Elverum,Evangelical Lutheran Free Church,22
Elverum,Catholism,1
Elverum,Frelsesarmeen,1
Elverum,Lutheranism,1
Elverum,Baptist,1
Elverum,Kristi Menighet,1
Elverum,Atheist,16
Enebakk,Atheist,26
Evenes,Atheist,3
Evenes,Baptist,2
Evenes,Guds Menighed,9
Evenes,Evangelical Lutheran Free Church,2
Evje Og Hornnes,Lutheranism,1
Evje Og Hornnes,Evangelical Lutheran Free Church,1
Evje Og Hornnes,Atheist,10
Evje Og Hornnes,Catholism,3
Farsund,Frelsesarmeen,1
Farsund,Evangelical Lutheran Free Church,17
Farsund,Adventism,5
Farsund,Atheist,53
Farsund,Catholism,6
Farsund,Lutheranism,11
Farsund,Methodism,41
Fauske,Baptist,1
Fauske,Evangelical Lutheran Free Church,10
Fauske,Methodism,10
Fauske,Protestant,16
Fauske,Atheist,12
Fauske,Lutheranism,22
Fet,Atheist,2
Fet,Lutheranism,5
Finnøy,Baptist,1
Finnøy,Atheist,3
Fitjar,Atheist,1
Fjaler,Atheist,1
Fjaler,Baptist,4
Fjaler,Jew,2
Fjaler,Dissenter,1
Flakstad,Guds Menighed,14
Flakstad,Lutheranism,4
Flakstad,Dissenter,2
Flakstad,Frimissionen,4
Flakstad,Evangelical Lutheran Free Church,14
Flakstad,Guds Menighet,7
Flakstad,Atheist,4
Flatanger,Methodism,1
Flekkefjord,Kristi Menighet,1
Flekkefjord,Lutheranism,19
Flekkefjord,Baptist,44
Flekkefjord,Dissenter,2
Flekkefjord,Evangelical Lutheran Free Church,71
Flekkefjord,Atheist,59
Flekkefjord,Methodism,88
Flesberg,Methodism,2
Flesberg,Atheist,2
Flesberg,Evangelical Lutheran Free Church,2
Flora,Frelsesarmeen,1
Flora,Methodism,1
Flora,Atheist,1
Flå,Atheist,4
Forsand,Atheist,2
Fosnes,Lutheranism,20
Fosnes,Adventism,1
Fosnes,Atheist,14
Fosnes,Evangelical Lutheran Free Church,22
Fredrikstad,Jew,14
Fredrikstad,Frelsesarmeen,1
Fredrikstad,Adventism,10
Fredrikstad,Baptist,14
Fredrikstad,Dissenter,25
Fredrikstad,Evangelical Lutheran Free Church,105
Fredrikstad,Mormon,5
Fredrikstad,Atheist,168
Fredrikstad,Kristi Menighet,141
Fredrikstad,Methodism,741
Fredrikstad,Lutheranism,275
Fredrikstad,Catholism,77
Frogn,Atheist,73
Frogn,Methodism,4
Frogn,Mormon,5
Frogn,Frimissionen,8
Frogn,Kristi Menighet,2
Frogn,Adventism,21
Frogn,Lutheranism,4
Frogn,Baptist,2
Frogn,Guds Menighed,2
Froland,Evangelical Lutheran Free Church,5
Froland,Lutheranism,9
Froland,Atheist,17
Froland,Dissenter,6
Froland,Guds Menighed,1
Fræna,Atheist,3
Fræna,Lutheranism,1
Fræna,Evangelical Lutheran Free Church,2
Frøya,Lutheranism,2
Frøya,Jew,1
Fusa,Atheist,1
Fusa,Lutheranism,1
Fyresdal,Dissenter,10
Fyresdal,Atheist,71
Fyresdal,Lutheranism,1
Fyresdal,Evangelical Lutheran Free Church,2
Færder,Lutheranism,29
Færder,Atheist,24
Færder,Baptist,4
Færder,Evangelical Lutheran Free Church,57
Færder,Methodism,3
Førde,Baptist,23
Førde,Atheist,12
Gaular,Atheist,2
Gausdal,Methodism,2
Gausdal,Adventism,4
Gausdal,Atheist,5
Gildeskål,Atheist,23
Giske,Evangelical Lutheran Free Church,11
Giske,Atheist,7
Giske,Methodism,1
Giske,Lutheranism,1
Gjemnes,Baptist,3
Gjemnes,Atheist,4
Gjemnes,Frelsesarmeen,1
Gjerdrum,Lutheranism,4
Gjerstad,Atheist,8
Gjerstad,Evangelical Lutheran Free Church,82
Gjerstad,Lutheranism,16
Gjesdal,Lutheranism,1
Gjesdal,Atheist,73
Gjesdal,Baptist,47
Gjøvik,Methodism,8
Gjøvik,Atheist,7
Gjøvik,Evangelical Lutheran Free Church,5
Gjøvik,Frelsesarmeen,4
Gjøvik,Adventism,2
Gjøvik,Catholism,1
Gjøvik,Lutheranism,23
Gloppen,Atheist,1
Gol,Lutheranism,1
Gran,Atheist,1
Gran,Methodism,2
Gran,Evangelical Lutheran Free Church,17
Gran,Lutheranism,21
Grimstad,Catholism,1
Grimstad,Evangelical Lutheran Free Church,96
Grimstad,Methodism,11
Grimstad,Atheist,18
Grimstad,Baptist,13
Grimstad,Adventism,1
Grimstad,Dissenter,5
Grimstad,Lutheranism,45
Grong,Lutheranism,3
Grue,Methodism,4
Grue,Evangelical Lutheran Free Church,1
Grue,Lutheranism,21
Grue,Atheist,6
Gulen,Adventism,8
Gulen,Atheist,1
Hadsel,Evangelical Lutheran Free Church,42
Hadsel,Catholism,1
Hadsel,Lutheranism,34
Hadsel,Methodism,1
Hadsel,Baptist,150
Hadsel,Atheist,103
Hadsel,Adventism,45
Halden,Evangelical Lutheran Free Church,249
Halden,Lutheranism,159
Halden,Quakers,4
Halden,Catholism,76
Halden,Methodism,521
Halden,Svensk S,11
Halden,Frelsesarmeen,3
Halden,Adventism,16
Halden,Protestant,3
Halden,Dissenter,10
Halden,Kristi Menighet,327
Halden,Mormon,9
Halden,Baptist,455
Halden,Atheist,206
Halsa,Atheist,3
Hamar,Lutheranism,51
Hamar,Atheist,19
Hamar,Frelsesarmeen,2
Hamar,Adventism,27
Hamar,Dissenter,2
Hamar,Evangelical Lutheran Free Church,40
Hamar,Methodism,26
Hamar,Baptist,6
Hamarøy,Atheist,4
Hamarøy,Evangelical Lutheran Free Church,1
Hammerfest,Lutheranism,14
Hammerfest,Methodism,58
Hammerfest,Baptist,2
Hammerfest,Evangelical Lutheran Free Church,1
Hammerfest,Atheist,16
Hammerfest,Adventism,1
Hammerfest,Catholism,37
Haram,Methodism,7
Haram,Lutheranism,3
Haram,Atheist,2
Harstad,Catholism,4
Harstad,Lutheranism,35
Harstad,Baptist,220
Harstad,Adventism,5
Harstad,Atheist,212
Harstad,Dissenter,28
Harstad,Evangelical Lutheran Free Church,27
Harstad,Methodism,3
Hasvik,Baptist,1
Hasvik,Atheist,4
Haugesund,Catholism,1
Haugesund,Protestant,1
Haugesund,Atheist,44
Haugesund,Methodism,106
Haugesund,Lutheranism,19
Haugesund,Frelsesarmeen,12
Haugesund,Dissenter,1
Haugesund,Adventism,39
Haugesund,Mormon,2
Hemne,Methodism,3
Hemnes,Frelsesarmeen,3
Hemnes,Lutheranism,1
Hemnes,Atheist,19
Hitra,Baptist,5
Hitra,Dissenter,1
Hjartdal,Evangelical Lutheran Free Church,1
Hjartdal,Atheist,85
Hjelmeland,Evangelical Lutheran Free Church,2
Hjelmeland,Atheist,7
Hobøl,Methodism,1
Hobøl,Baptist,2
Hobøl,Evangelical Lutheran Free Church,7
Hobøl,Atheist,6
Hol,Evangelical Lutheran Free Church,1
Hol,Lutheranism,3
Hol,Catholism,1
Hol,Atheist,2
Hole,Dissenter,1
Hole,Methodism,6
Hole,Atheist,8
Holmestrand,Atheist,54
Holmestrand,Evangelical Lutheran Free Church,104
Holmestrand,Catholism,9
Holmestrand,Lutheranism,158
Holmestrand,Baptist,3
Holmestrand,Methodism,12
Holmestrand,Guds Menighet,2
Holmestrand,Dissenter,1
Holtålen,Atheist,2
Holtålen,Lutheranism,3
Hornindal,Lutheranism,3
Horten,Baptist,3
Horten,Jew,1
Horten,Catholism,2
Horten,Evangelical Lutheran Free Church,145
Horten,Kristi Menighet,74
Horten,Lutheranism,118
Horten,Atheist,180
Horten,Dissenter,50
Horten,Methodism,315
Horten,Adventism,15
Horten,Frelsesarmeen,2
Hurdal,Atheist,1
Hurum,Baptist,23
Hurum,Lutheranism,9
Hurum,Kristi Menighet,56
Hurum,Adventism,8
Hurum,Atheist,55
Hurum,Evangelical Lutheran Free Church,11
Hurum,Guds Menighet,2
Hvaler,Methodism,5
Hvaler,Evangelical Lutheran Free Church,35
Hvaler,Lutheranism,33
Hvaler,Kristi Menighet,3
Hvaler,Baptist,62
Hvaler,Atheist,34
Hyllestad,Lutheranism,2
Hyllestad,Atheist,5
Hå,Adventism,7
Hå,Lutheranism,6
Hå,Baptist,1
Hå,Atheist,6
Hå,Evangelical Lutheran Free Church,7
Hå,Methodism,4
Hægebostad,Lutheranism,3
Hægebostad,Baptist,1
Hægebostad,Atheist,1
Høyanger,Methodism,1
Høylandet,Atheist,1
Ibestad,Lutheranism,2
Ibestad,Frimissionen,1
Ibestad,Baptist,11
Ibestad,Atheist,1
Inderøy,Atheist,2
Inderøy,Evangelical Lutheran Free Church,12
Inderøy,Baptist,7
Inderøy,Methodism,2
Indre Fosen,Baptist,16
Indre Fosen,Atheist,6
Iveland,Atheist,27
Iveland,Evangelical Lutheran Free Church,25
Iveland,Baptist,2
Jevnaker,Methodism,17
Jevnaker,Evangelical Lutheran Free Church,7
Jevnaker,Lutheranism,3
Jevnaker,Catholism,15
Jevnaker,Protestant,3
Jevnaker,Atheist,8
Jondal,Atheist,4
Jondal,Evangelical Lutheran Free Church,2
Jondal,Baptist,25
Jølster,Atheist,1
Karlsøy,Atheist,7
Karmøy,Adventism,5
Karmøy,Methodism,25
Karmøy,Lutheranism,5
Karmøy,Frelsesarmeen,1
Karmøy,Atheist,42
Klepp,Quakers,1
Klepp,Guds Menighed,8
Klepp,Kristi Menighet,16
Klepp,Lutheranism,2
Klepp,Adventism,2
Klepp,Atheist,52
Klæbu,Adventism,1
Kongsberg,Baptist,113
Kongsberg,Dissenter,12
Kongsberg,Kristi Menighet,52
Kongsberg,Frelsesarmeen,5
Kongsberg,Lutheranism,55
Kongsberg,Atheist,192
Kongsberg,Evangelical Lutheran Free Church,39
Kongsberg,Methodism,363
Kongsberg,Adventism,3
Kongsvinger,Lutheranism,4
Kongsvinger,Mormon,1
Kongsvinger,Evangelical Lutheran Free Church,14
Kongsvinger,Adventism,1
Kongsvinger,Atheist,9
Kongsvinger,Methodism,12
Kongsvinger,Baptist,9
Kragerø,Evangelical Lutheran Free Church,271
Kragerø,Atheist,139
Kragerø,Adventism,21
Kragerø,Lutheranism,131
Kragerø,Catholism,2
Kragerø,Guds Menighet,17
Kragerø,Protestant,2
Kragerø,Jew,7
Kragerø,Guds Menighed,3
Kragerø,Methodism,155
Kragerø,Kristi Menighet,24
Kragerø,Baptist,63
Kristiansand,Lutheranism,266
Kristiansand,Kristi Menighet,1
Kristiansand,Methodism,80
Kristiansand,Baptist,8
Kristiansand,Adventism,45
Kristiansand,Catholism,71
Kristiansand,Dissenter,30
Kristiansand,Frelsesarmeen,3
Kristiansand,Protestant,4
Kristiansand,Evangelical Lutheran Free Church,372
Kristiansand,Svensk S,1
Kristiansand,Mormon,2
Kristiansand,Atheist,136
Kristiansand,Quakers,195
Kristiansund,Methodism,79
Kristiansund,Frelsesarmeen,12
Kristiansund,Baptist,50
Kristiansund,Jew,1
Kristiansund,Evangelical Lutheran Free Church,6
Kristiansund,Dissenter,1
Kristiansund,Frimissionen,2
Kristiansund,Catholism,2
Kristiansund,Lutheranism,41
Kristiansund,Atheist,49
Krødsherad,Lutheranism,1
Kvalsund,Atheist,1
Kvinesdal,Baptist,16
Kvinesdal,Methodism,8
Kvinesdal,Adventism,5
Kvinesdal,Lutheranism,1
Kvinesdal,Evangelical Lutheran Free Church,9
Kvinesdal,Atheist,19
Kvinnherad,Adventism,1
Kvinnherad,Atheist,4
Kvinnherad,Baptist,36
Kvinnherad,Methodism,2
Kvinnherad,Protestant,1
Kvinnherad,Lutheranism,1
Kviteseid,Dissenter,1
Kviteseid,Baptist,1
Kviteseid,Atheist,37
Kviteseid,Evangelical Lutheran Free Church,66
Kvæfjord,Evangelical Lutheran Free Church,13
Kvæfjord,Atheist,67
Kvæfjord,Lutheranism,5
Kvæfjord,Mormon,2
Kvæfjord,Baptist,76
Kvæfjord,Methodism,10
Larvik,Adventism,19
Larvik,Methodism,229
Larvik,Quakers,1
Larvik,Dissenter,11
Larvik,Kristi Menighet,8
Larvik,Baptist,29
Larvik,Evangelical Lutheran Free Church,158
Larvik,Protestant,2
Larvik,Mormon,18
Larvik,Lutheranism,133
Larvik,Atheist,219
Larvik,Catholism,27
Larvik,Frelsesarmeen,3
Lavangen,Dissenter,2
Lavangen,Atheist,3
Lebesby,Evangelical Lutheran Free Church,1
Leikanger,Atheist,1
Leka,Kristi Menighet,2
Lenvik,Adventism,2
Lenvik,Evangelical Lutheran Free Church,3
Lenvik,Methodism,10
Lenvik,Catholism,3
Lenvik,Atheist,104
Lenvik,Dissenter,1
Lenvik,Guds Menighed,36
Lesja,Catholism,1
Lesja,Adventism,1
Lesja,Atheist,5
Levanger,Evangelical Lutheran Free Church,36
Levanger,Adventism,2
Levanger,Atheist,31
Levanger,Lutheranism,36
Levanger,Dissenter,2
Levanger,Catholism,1
Levanger,Baptist,27
Levanger,Methodism,61
Lier,Methodism,2
Lier,Evangelical Lutheran Free Church,3
Lier,Atheist,41
Lier,Kristi Menighet,1
Lier,Adventism,7
Lier,Lutheranism,4
Lier,Baptist,4
Lillehammer,Catholism,1
Lillehammer,Methodism,7
Lillehammer,Atheist,34
Lillehammer,Frelsesarmeen,2
Lillehammer,Lutheranism,24
Lillehammer,Adventism,1
Lillehammer,Evangelical Lutheran Free Church,4
Lillesand,Quakers,7
Lillesand,Adventism,11
Lillesand,Lutheranism,72
Lillesand,Baptist,18
Lillesand,Atheist,25
Lillesand,Methodism,12
Lillesand,Evangelical Lutheran Free Church,121
Lindesnes,Adventism,2
Lindås,Atheist,28
Lindås,Methodism,7
Lindås,Adventism,9
Lindås,Frelsesarmeen,2
Lindås,Baptist,4
Lindås,Catholism,1
Lom,Methodism,4
Lom,Lutheranism,1
Loppa,Catholism,9
Loppa,Lutheranism,2
Loppa,Evangelical Lutheran Free Church,4
Loppa,Adventism,2
Lund,Atheist,1
Lunner,Atheist,13
Lunner,Methodism,8
Lurøy,Atheist,2
Lurøy,Evangelical Lutheran Free Church,28
Lurøy,Dissenter,8
Lurøy,Lutheranism,79
Luster,Evangelical Lutheran Free Church,1
Luster,Dissenter,1
Luster,Methodism,1
Lyngdal,Evangelical Lutheran Free Church,16
Lyngdal,Lutheranism,16
Lyngdal,Atheist,7
Lyngdal,Catholism,1
Lyngdal,Adventism,4
Lyngen,Lutheranism,15
Lyngen,Evangelical Lutheran Free Church,9
Lyngen,Atheist,5
Lyngen,Baptist,3
Lærdal,Lutheranism,3
Lærdal,Atheist,1
Lødingen,Evangelical Lutheran Free Church,1
Lørenskog,Atheist,1
Lørenskog,Lutheranism,1
Lørenskog,Evangelical Lutheran Free Church,3
Løten,Jew,2
Løten,Evangelical Lutheran Free Church,48
Løten,Atheist,26
Løten,Lutheranism,2
Malvik,Evangelical Lutheran Free Church,1
Malvik,Atheist,4
Mandal,Lutheranism,2
Mandal,Quakers,1
Mandal,Adventism,12
Mandal,Atheist,28
Mandal,Baptist,1
Mandal,Protestant,1
Mandal,Evangelical Lutheran Free Church,8
Mandal,Catholism,2
Mandal,Methodism,5
Marker,Evangelical Lutheran Free Church,10
Marker,Methodism,1
Marker,Atheist,36
Marker,Kristi Menighet,30
Marker,Svensk S,6
Marker,Lutheranism,32
Marnardal,Evangelical Lutheran Free Church,5
Marnardal,Atheist,3
Marnardal,Baptist,7
Masfjorden,Atheist,4
Masfjorden,Baptist,4
Meldal,Catholism,20
Meldal,Dissenter,1
Meldal,Atheist,2
Meldal,Jew,6
Melhus,Lutheranism,3
Melhus,Atheist,10
Melhus,Baptist,28
Melhus,Methodism,1
Meløy,Baptist,14
Meløy,Evangelical Lutheran Free Church,91
Meløy,Atheist,56
Meløy,Lutheranism,408
Meråker,Atheist,10
Meråker,Lutheranism,1
Midtre Gauldal,Baptist,1
Midtre Gauldal,Evangelical Lutheran Free Church,2
Midtre Gauldal,Lutheranism,1
Midtre Gauldal,Atheist,2
Modum,Kristi Menighet,11
Modum,Atheist,103
Modum,Mormon,1
Modum,Frelsesarmeen,1
Modum,Dissenter,5
Modum,Catholism,7
Modum,Lutheranism,2
Modum,Baptist,3
Modum,Methodism,7
Molde,Lutheranism,11
Molde,Mormon,2
Molde,Baptist,9
Molde,Adventism,2
Molde,Methodism,4
Molde,Evangelical Lutheran Free Church,1
Molde,Atheist,6
Molde,Svensk S,1
Moss,Atheist,451
Moss,Jew,4
Moss,Lutheranism,95
Moss,Evangelical Lutheran Free Church,161
Moss,Methodism,125
Moss,Baptist,48
Moss,Adventism,13
Moss,Guds Menighed,9
Moss,Kristi Menighet,10
Moss,Dissenter,63
Moss,Catholism,3
Moss,Frelsesarmeen,4
Målselv,Jew,2
Målselv,Lutheranism,1
Målselv,Dissenter,2
Målselv,Catholism,1
Målselv,Atheist,45
Målselv,Baptist,3
Målselv,Evangelical Lutheran Free Church,2
Måsøy,Atheist,32
Måsøy,Baptist,1
Måsøy,Catholism,2
Måsøy,Dissenter,1
Namsos,Methodism,1
Namsos,Frelsesarmeen,4
Namsos,Baptist,5
Namsos,Lutheranism,7
Namsos,Catholism,1
Namsos,Atheist,13
Namsos,Evangelical Lutheran Free Church,3
Nannestad,Dissenter,1
Nannestad,Lutheranism,2
Narvik,Guds Menighet,9
Narvik,Atheist,76
Narvik,Protestant,4
Narvik,Mormon,14
Narvik,Methodism,46
Narvik,Baptist,3
Narvik,Dissenter,15
Narvik,Evangelical Lutheran Free Church,27
Narvik,Lutheranism,35
Narvik,Guds Menighed,4
Nedre Eiker,Methodism,25
Nedre Eiker,Evangelical Lutheran Free Church,1
Nedre Eiker,Mormon,6
Nedre Eiker,Guds Menighet,8
Nedre Eiker,Frelsesarmeen,4
Nedre Eiker,Lutheranism,14
Nedre Eiker,Baptist,9
Nedre Eiker,Dissenter,6
Nedre Eiker,Atheist,106
Nes (Akershus),Catholism,4
Nes (Akershus),Evangelical Lutheran Free Church,17
Nes (Akershus),Adventism,2
Nes (Akershus),Atheist,20
Nes (Akershus),Baptist,6
Nes (Akershus),Lutheranism,22
Nes (Akershus),Methodism,41
Nesna,Methodism,7
Nesna,Lutheranism,22
Nesna,Dissenter,3
Nesna,Baptist,17
Nesna,Adventism,7
Nesna,Evangelical Lutheran Free Church,39
Nesna,Atheist,7
Nesodden,Atheist,17
Nesodden,Baptist,1
Nesodden,Kristi Menighet,21
Nesodden,Mormon,6
Nesodden,Guds Menighet,4
Nesodden,Adventism,1
Nesodden,Lutheranism,1
Nissedal,Baptist,4
Nissedal,Dissenter,9
Nissedal,Atheist,14
Nissedal,Lutheranism,74
Nissedal,Evangelical Lutheran Free Church,52
Nittedal,Evangelical Lutheran Free Church,7
Nittedal,Atheist,32
Nittedal,Lutheranism,6
Nittedal,Methodism,1
Nome,Evangelical Lutheran Free Church,10
Nome,Dissenter,5
Nome,Lutheranism,9
Nome,Atheist,2
Nord-Aurdal,Kristi Menighet,1
Nord-Aurdal,Lutheranism,3
Nord-Fron,Baptist,10
Nord-Fron,Adventism,1
Nord-Fron,Lutheranism,1
Nord-Fron,Atheist,10
Nord-Odal,Atheist,33
Nord-Odal,Methodism,1
Nordkapp,Methodism,18
Nordkapp,Dissenter,1
Nordkapp,Lutheranism,2
Nordkapp,Atheist,5
Nordkapp,Baptist,6
Nordre Land,Evangelical Lutheran Free Church,4
Nordre Land,Methodism,2
Nordre Land,Atheist,1
Nordre Land,Lutheranism,8
Nordreisa,Dissenter,1
Nordreisa,Lutheranism,1
Nore Og Uvdal,Adventism,3
Nore Og Uvdal,Dissenter,29
Nore Og Uvdal,Lutheranism,14
Nore Og Uvdal,Atheist,3
Nore Og Uvdal,Evangelical Lutheran Free Church,84
Notodden,Lutheranism,1
Notodden,Atheist,4
Notodden,Methodism,1
Nærøy,Lutheranism,13
Nærøy,Baptist,3
Nærøy,Evangelical Lutheran Free Church,1
Nærøy,Catholism,14
Nærøy,Adventism,12
Nærøy,Methodism,1
Odda,Catholism,1
Odda,Lutheranism,3
Odda,Baptist,2
Odda,Dissenter,1
Odda,Methodism,1
Odda,Atheist,18
Oppdal,Methodism,2
Oppdal,Lutheranism,4
Oppdal,Adventism,7
Oppdal,Atheist,11
Oppdal,Baptist,54
Orkdal,Evangelical Lutheran Free Church,1
Orkdal,Lutheranism,2
Orkdal,Atheist,8
Os (Hordaland),Atheist,1
Osen,Baptist,1
Oslo,Frimissionen,14
Oslo,Catholism,841
Oslo,Methodism,1479
Oslo,Guds Menighet,16
Oslo,Adventism,258
Oslo,Frelsesarmeen,127
Oslo,Protestant,95
Oslo,Jew,419
Oslo,Mormon,31
Oslo,Dissenter,172
Oslo,Quakers,9
Oslo,Svensk S,28
Oslo,Atheist,3334
Oslo,Evangelical Lutheran Free Church,763
Oslo,Kristi Menighet,340
Oslo,Lutheranism,1267
Oslo,Baptist,260
Osterøy,Adventism,4
Osterøy,Guds Menighed,2
Osterøy,Lutheranism,27
Osterøy,Catholism,3
Osterøy,Methodism,13
Osterøy,Atheist,20
Osterøy,Baptist,7
Osterøy,Evangelical Lutheran Free Church,3
Osterøy,Dissenter,1
Overhalla,Mormon,1
Overhalla,Adventism,2
Porsgrunn,Catholism,60
Porsgrunn,Protestant,1
Porsgrunn,Atheist,348
Porsgrunn,Evangelical Lutheran Free Church,165
Porsgrunn,Methodism,487
Porsgrunn,Mormon,1
Porsgrunn,Lutheranism,131
Porsgrunn,Kristi Menighet,1
Porsgrunn,Frelsesarmeen,12
Porsgrunn,Dissenter,69
Porsgrunn,Baptist,77
Porsgrunn,Adventism,9
Radøy,Atheist,2
Radøy,Catholism,1
Radøy,Lutheranism,1
Radøy,Methodism,4
Rakkestad,Kristi Menighet,1
Rakkestad,Baptist,6
Rakkestad,Evangelical Lutheran Free Church,8
Rakkestad,Atheist,9
Rakkestad,Catholism,1
Rakkestad,Methodism,5
Rana,Baptist,1
Rana,Methodism,1
Rana,Catholism,2
Rana,Evangelical Lutheran Free Church,42
Rana,Atheist,24
Rana,Lutheranism,38
Rana,Dissenter,1
Rauma,Atheist,6
Re,Atheist,11
Re,Baptist,2
Re,Methodism,1
Re,Lutheranism,100
Re,Evangelical Lutheran Free Church,568
Rendalen,Atheist,11
Rendalen,Lutheranism,1
Rennebu,Catholism,1
Rennebu,Evangelical Lutheran Free Church,3
Ringebu,Protestant,1
Ringebu,Atheist,24
Ringerike,Adventism,4
Ringerike,Dissenter,5
Ringerike,Baptist,11
Ringerike,Lutheranism,11
Ringerike,Jew,1
Ringerike,Methodism,152
Ringerike,Svensk S,4
Ringerike,Atheist,42
Ringerike,Evangelical Lutheran Free Church,1
Ringerike,Frelsesarmeen,2
Ringsaker,Methodism,14
Ringsaker,Adventism,2
Ringsaker,Atheist,8
Ringsaker,Evangelical Lutheran Free Church,4
Risør,Guds Menighed,21
Risør,Mormon,1
Risør,Guds Menighet,10
Risør,Methodism,1
Risør,Protestant,5
Risør,Kristi Menighet,33
Risør,Catholism,1
Risør,Atheist,52
Risør,Adventism,7
Risør,Lutheranism,177
Risør,Frelsesarmeen,3
Risør,Baptist,117
Risør,Evangelical Lutheran Free Church,334
Roan,Atheist,1
Rollag,Atheist,2
Rygge,Atheist,93
Rygge,Baptist,37
Rygge,Methodism,21
Rygge,Lutheranism,8
Rygge,Adventism,19
Rygge,Evangelical Lutheran Free Church,28
Rygge,Mormon,4
Råde,Catholism,1
Råde,Atheist,11
Råde,Baptist,7
Råde,Methodism,5
Rødøy,Adventism,1
Rødøy,Atheist,41
Rødøy,Evangelical Lutheran Free Church,73
Rødøy,Protestant,1
Rødøy,Baptist,22
Rødøy,Lutheranism,394
Røros,Atheist,3
Røros,Baptist,1
Røyken,Mormon,15
Røyken,Svensk S,11
Røyken,Methodism,3
Røyken,Frimissionen,2
Røyken,Kristi Menighet,274
Røyken,Jew,6
Røyken,Adventism,3
Røyken,Atheist,71
Røyken,Evangelical Lutheran Free Church,2
Røyken,Lutheranism,1
Røyken,Frelsesarmeen,8
Salangen,Atheist,4
Salangen,Baptist,3
Salangen,Methodism,1
Salangen,Catholism,3
Saltdal,Adventism,6
Samnanger,Evangelical Lutheran Free Church,1
Samnanger,Atheist,1
Samnanger,Methodism,1
Samnanger,Catholism,2
Sande (Møre Og Romsdal),Methodism,11
Sande (Møre Og Romsdal),Lutheranism,64
Sande (Møre Og Romsdal),Atheist,195
Sande (Møre Og Romsdal),Evangelical Lutheran Free Church,35
Sande (Møre Og Romsdal),Guds Menighet,11
Sande (Møre Og Romsdal),Kristi Menighet,4
Sande (Møre Og Romsdal),Baptist,4
Sande (Møre Og Romsdal),Adventism,9
Sandefjord,Methodism,91
Sandefjord,Adventism,1
Sandefjord,Catholism,4
Sandefjord,Atheist,45
Sandefjord,Evangelical Lutheran Free Church,121
Sandefjord,Frelsesarmeen,3
Sandefjord,Kristi Menighet,7
Sandefjord,Baptist,11
Sandefjord,Dissenter,3
Sandefjord,Lutheranism,73
Sandnes,Catholism,6
Sandnes,Methodism,37
Sandnes,Evangelical Lutheran Free Church,17
Sandnes,Frelsesarmeen,3
Sandnes,Protestant,1
Sandnes,Lutheranism,9
Sandnes,Atheist,115
Sandnes,Adventism,37
Sandnes,Baptist,9
Sandnes,Quakers,1
Sarpsborg,Protestant,2
Sarpsborg,Svensk S,9
Sarpsborg,Catholism,22
Sarpsborg,Evangelical Lutheran Free Church,302
Sarpsborg,Methodism,797
Sarpsborg,Frelsesarmeen,5
Sarpsborg,Baptist,30
Sarpsborg,Adventism,15
Sarpsborg,Atheist,265
Sarpsborg,Lutheranism,177
Sarpsborg,Kristi Menighet,25
Sarpsborg,Dissenter,54
Sauda,Quakers,1
Sauda,Atheist,3
Sauherad,Atheist,4
Sauherad,Evangelical Lutheran Free Church,41
Sauherad,Lutheranism,58
Sel,Adventism,1
Sel,Lutheranism,5
Sel,Atheist,13
Sel,Baptist,81
Sel,Evangelical Lutheran Free Church,1
Sel,Guds Menighed,8
Selbu,Adventism,1
Selje,Atheist,2
Selje,Lutheranism,2
Seljord,Atheist,32
Seljord,Lutheranism,16
Seljord,Baptist,3
Seljord,Methodism,3
Sigdal,Lutheranism,2
Sirdal,Baptist,37
Sirdal,Atheist,38
Sirdal,Lutheranism,3
Skaun,Mormon,2
Skaun,Atheist,1
Skedsmo,Catholism,1
Skedsmo,Atheist,38
Skedsmo,Evangelical Lutheran Free Church,1
Skedsmo,Lutheranism,19
Skedsmo,Adventism,7
Skedsmo,Methodism,42
Ski,Lutheranism,12
Ski,Catholism,6
Ski,Baptist,3
Ski,Adventism,5
Ski,Dissenter,3
Ski,Atheist,3
Skien,Evangelical Lutheran Free Church,310
Skien,Catholism,11
Skien,Frelsesarmeen,12
Skien,Svensk S,1
Skien,Methodism,550
Skien,Frimissionen,5
Skien,Baptist,134
Skien,Atheist,306
Skien,Lutheranism,209
Skien,Adventism,29
Skien,Protestant,1
Skien,Mormon,1
Skien,Quakers,6
Skien,Dissenter,117
Skiptvet,Evangelical Lutheran Free Church,12
Skiptvet,Kristi Menighet,2
Skiptvet,Atheist,17
Skjervøy,Atheist,1
Skjervøy,Evangelical Lutheran Free Church,1
Skjervøy,Frimissionen,1
Skjåk,Lutheranism,1
Skodje,Atheist,1
Smøla,Dissenter,1
Smøla,Methodism,14
Smøla,Atheist,18
Smøla,Baptist,5
Snåsa - Snåasen Tjielte,Methodism,1
Sogndal,Frelsesarmeen,12
Sogndal,Atheist,3
Sokndal,Atheist,2
Sokndal,Methodism,4
Sokndal,Adventism,8
Sokndal,Mormon,2
Songdalen,Atheist,1
Songdalen,Evangelical Lutheran Free Church,13
Sortland,Evangelical Lutheran Free Church,159
Sortland,Frimissionen,1
Sortland,Baptist,22
Sortland,Atheist,3
Sortland,Lutheranism,103
Sortland,Methodism,5
Spydeberg,Baptist,1
Spydeberg,Atheist,11
Spydeberg,Lutheranism,2
Spydeberg,Methodism,1
Stange,Lutheranism,15
Stange,Atheist,32
Stange,Methodism,2
Stange,Catholism,1
Stange,Evangelical Lutheran Free Church,51
Stange,Adventism,12
Stavanger,Methodism,308
Stavanger,Lutheranism,126
Stavanger,Baptist,16
Stavanger,Kristi Menighet,2
Stavanger,Mormon,3
Stavanger,Evangelical Lutheran Free Church,5
Stavanger,Dissenter,14
Stavanger,Protestant,3
Stavanger,Adventism,71
Stavanger,Atheist,309
Stavanger,Catholism,67
Stavanger,Quakers,6
Stavanger,Frelsesarmeen,9
Steigen,Lutheranism,1
Steigen,Atheist,3
Steinkjer,Atheist,11
Steinkjer,Lutheranism,5
Steinkjer,Baptist,33
Steinkjer,Methodism,6
Steinkjer,Adventism,1
Steinkjer,Quakers,1
Stjørdal,Baptist,1
Stjørdal,Lutheranism,6
Stjørdal,Atheist,2
Stor-Elvdal,Atheist,7
Stor-Elvdal,Methodism,5
Stor-Elvdal,Evangelical Lutheran Free Church,1
Stor-Elvdal,Adventism,1
Stord,Lutheranism,1
Stord,Methodism,1
Stord,Baptist,2
Stord,Atheist,1
Stordal,Lutheranism,10
Stordal,Evangelical Lutheran Free Church,1
Strand,Atheist,22
Strand,Methodism,3
Stranda,Baptist,2
Stranda,Atheist,7
Stryn,Atheist,15
Stryn,Lutheranism,2
Suldal,Dissenter,4
Suldal,Evangelical Lutheran Free Church,6
Suldal,Lutheranism,1
Suldal,Atheist,9
Sund,Atheist,1
Surnadal,Frelsesarmeen,1
Sveio,Lutheranism,1
Sveio,Protestant,1
Svelvik,Evangelical Lutheran Free Church,19
Svelvik,Atheist,51
Svelvik,Baptist,5
Svelvik,Mormon,1
Svelvik,Catholism,11
Svelvik,Lutheranism,37
Svelvik,Kristi Menighet,54
Svelvik,Dissenter,1
Svelvik,Methodism,1
Sykkylven,Baptist,1
Sykkylven,Atheist,56
Søgne,Adventism,13
Søgne,Methodism,11
Søgne,Atheist,16
Søgne,Quakers,19
Søgne,Evangelical Lutheran Free Church,12
Søgne,Dissenter,21
Søndre Land,Lutheranism,2
Søndre Land,Catholism,1
Søndre Land,Adventism,10
Søndre Land,Evangelical Lutheran Free Church,13
Sør-Aurdal,Lutheranism,2
Sør-Aurdal,Catholism,1
Sør-Aurdal,Evangelical Lutheran Free Church,1
Sør-Fron,Atheist,4
Sør-Fron,Lutheranism,1
Sør-Odal,Svensk S,1
Sør-Odal,Methodism,55
Sør-Odal,Atheist,12
Sør-Odal,Baptist,10
Sør-Odal,Mormon,1
Sør-Varanger,Evangelical Lutheran Free Church,1
Sør-Varanger,Lutheranism,105
Sør-Varanger,Atheist,13
Sør-Varanger,Jew,1
Sør-Varanger,Frelsesarmeen,1
Sør-Varanger,Catholism,27
Sør-Varanger,Methodism,1
Sør-Varanger,Baptist,2
Sørfold,Baptist,1
Sørfold,Atheist,3
Sørfold,Lutheranism,1
Sørreisa,Methodism,2
Sørreisa,Atheist,3
Sørreisa,Baptist,1
Sørum,Baptist,9
Sørum,Atheist,25
Tana - Deanu Gielda,Atheist,1
Tana - Deanu Gielda,Catholism,1
Tana - Deanu Gielda,Methodism,3
Tana - Deanu Gielda,Baptist,1
Tana - Deanu Gielda,Frimissionen,1
Tana - Deanu Gielda,Dissenter,9
Tana - Deanu Gielda,Evangelical Lutheran Free Church,2
Tana - Deanu Gielda,Lutheranism,8
Tana - Deanu Gielda,Adventism,1
Time,Atheist,22
Time,Methodism,9
Time,Lutheranism,9
Time,Kristi Menighet,6
Time,Baptist,2
Tinn,Lutheranism,8
Tinn,Dissenter,26
Tinn,Catholism,3
Tinn,Methodism,19
Tinn,Jew,3
Tinn,Baptist,19
Tinn,Atheist,26
Tinn,Evangelical Lutheran Free Church,6
Tinn,Svensk S,2
Tjeldsund,Atheist,3
Tokke,Evangelical Lutheran Free Church,7
Tokke,Atheist,53
Tokke,Lutheranism,4
Tolga,Lutheranism,5
Tolga,Methodism,1
Tolga,Atheist,5
Tolga,Svensk S,1
Tolga,Evangelical Lutheran Free Church,1
Torsken,Atheist,1
Torsken,Baptist,5
Torsken,Dissenter,1
Tranøy,Baptist,2
Tranøy,Atheist,3
Tromsø,Adventism,7
Tromsø,Dissenter,32
Tromsø,Atheist,95
Tromsø,Evangelical Lutheran Free Church,23
Tromsø,Lutheranism,8
Tromsø,Guds Menighed,10
Tromsø,Frelsesarmeen,3
Tromsø,Frimissionen,39
Tromsø,Methodism,68
Tromsø,Baptist,239
Tromsø,Catholism,67
Trondheim,Methodism,204
Trondheim,Mormon,5
Trondheim,Baptist,144
Trondheim,Evangelical Lutheran Free Church,16
Trondheim,Jew,132
Trondheim,Lutheranism,98
Trondheim,Atheist,291
Trondheim,Protestant,1
Trondheim,Adventism,31
Trondheim,Kristi Menighet,4
Trondheim,Catholism,91
Trondheim,Svensk S,2
Trondheim,Frimissionen,4
Trondheim,Frelsesarmeen,2
Trondheim,Quakers,1
Trondheim,Dissenter,17
Trysil,Svensk S,4
Trysil,Evangelical Lutheran Free Church,3
Trysil,Atheist,9
Trysil,Lutheranism,6
Trysil,Catholism,1
Træna,Evangelical Lutheran Free Church,29
Træna,Dissenter,45
Trøgstad,Kristi Menighet,7
Trøgstad,Atheist,12
Trøgstad,Methodism,19
Trøgstad,Lutheranism,1
Tvedestrand,Kristi Menighet,4
Tvedestrand,Guds Menighed,48
Tvedestrand,Guds Menighet,44
Tvedestrand,Evangelical Lutheran Free Church,91
Tvedestrand,Methodism,7
Tvedestrand,Lutheranism,86
Tvedestrand,Frelsesarmeen,1
Tvedestrand,Dissenter,5
Tvedestrand,Baptist,25
Tvedestrand,Atheist,190
Tynset,Methodism,1
Tynset,Atheist,8
Tynset,Baptist,13
Tynset,Jew,3
Tynset,Lutheranism,6
Tysnes,Catholism,1
Tysnes,Baptist,2
Tysvær,Lutheranism,3
Tysvær,Evangelical Lutheran Free Church,1
Tysvær,Atheist,2
Tønsberg,Protestant,1
Tønsberg,Frelsesarmeen,3
Tønsberg,Baptist,2
Tønsberg,Evangelical Lutheran Free Church,91
Tønsberg,Mormon,1
Tønsberg,Adventism,11
Tønsberg,Lutheranism,124
Tønsberg,Catholism,6
Tønsberg,Dissenter,4
Tønsberg,Kristi Menighet,5
Tønsberg,Methodism,75
Tønsberg,Atheist,74
Ullensaker,Lutheranism,21
Ullensaker,Evangelical Lutheran Free Church,13
Ullensaker,Dissenter,1
Ullensaker,Methodism,9
Ullensaker,Baptist,1
Ullensaker,Catholism,2
Ullensaker,Atheist,22
Ulstein,Atheist,3
Ulvik,Atheist,3
Vadsø,Catholism,2
Vadsø,Atheist,2
Vadsø,Evangelical Lutheran Free Church,1
Vaksdal,Evangelical Lutheran Free Church,1
Vaksdal,Atheist,3
Vaksdal,Adventism,5
Vang,Jew,1
Vang,Adventism,9
Vang,Baptist,1
Vang,Methodism,59
Vang,Evangelical Lutheran Free Church,13
Vang,Atheist,16
Vang,Lutheranism,5
Vanylven,Evangelical Lutheran Free Church,1
Vanylven,Methodism,1
Vanylven,Baptist,1
Vanylven,Atheist,51
Vardø,Catholism,16
Vardø,Evangelical Lutheran Free Church,2
Vardø,Atheist,56
Vardø,Baptist,2
Vardø,Adventism,2
Vardø,Methodism,1
Vardø,Lutheranism,16
Vardø,Dissenter,8
Vardø,Frelsesarmeen,1
Vefsn,Evangelical Lutheran Free Church,5
Vefsn,Atheist,26
Vefsn,Lutheranism,7
Vega,Baptist,11
Vegårshei,Dissenter,75
Vegårshei,Guds Menighed,557
Vegårshei,Atheist,29
Vegårshei,Kristi Menighet,3
Vegårshei,Methodism,1
Vennesla,Methodism,2
Vennesla,Lutheranism,134
Vennesla,Catholism,5
Vennesla,Adventism,6
Vennesla,Baptist,2
Vennesla,Protestant,2
Vennesla,Atheist,15
Vennesla,Evangelical Lutheran Free Church,50
Vennesla,Quakers,6
Verdal,Baptist,93
Verdal,Adventism,3
Verdal,Atheist,21
Verdal,Methodism,8
Verdal,Lutheranism,8
Verran,Evangelical Lutheran Free Church,4
Verran,Atheist,1
Vestby,Atheist,79
Vestby,Methodism,25
Vestby,Adventism,1
Vestby,Dissenter,28
Vestby,Evangelical Lutheran Free Church,3
Vestby,Baptist,9
Vestnes,Atheist,15
Vestnes,Methodism,1
Vestnes,Dissenter,2
Vestre Slidre,Lutheranism,3
Vestre Toten,Adventism,1
Vestre Toten,Lutheranism,1
Vestre Toten,Atheist,2
Vestre Toten,Evangelical Lutheran Free Church,3
Vestvågøy,Lutheranism,35
Vestvågøy,Evangelical Lutheran Free Church,87
Vestvågøy,Atheist,42
Vestvågøy,Baptist,13
Vestvågøy,Adventism,2
Vestvågøy,Dissenter,1
Vestvågøy,Catholism,2
Vestvågøy,Methodism,188
Vestvågøy,Svensk S,26
Vestvågøy,Kristi Menighet,19
Vik,Evangelical Lutheran Free Church,2
Vik,Baptist,12
Vik,Methodism,7
Vik,Lutheranism,6
Vik,Atheist,12
Vikna,Baptist,168
Vikna,Catholism,7
Vikna,Frimissionen,9
Vikna,Atheist,114
Vikna,Dissenter,2
Vindafjord,Adventism,16
Vindafjord,Baptist,1
Vindafjord,Atheist,4
Vindafjord,Methodism,1
Vinje,Atheist,3
Vinje,Evangelical Lutheran Free Church,1
Volda,Catholism,1
Volda,Lutheranism,2
Volda,Evangelical Lutheran Free Church,22
Volda,Methodism,9
Volda,Atheist,363
Volda,Kristi Menighet,2
Voss,Adventism,2
Voss,Frelsesarmeen,2
Voss,Lutheranism,8
Voss,Evangelical Lutheran Free Church,6
Voss,Methodism,38
Voss,Atheist,9
Vågan,Frelsesarmeen,1
Vågan,Frimissionen,1
Vågan,Methodism,4
Vågan,Atheist,19
Vågan,Baptist,3
Vågan,Evangelical Lutheran Free Church,2
Vågan,Catholism,1
Vågan,Lutheranism,3
Vågsøy,Methodism,1
Vågsøy,Atheist,1
Vågå,Methodism,1
Våler (Østfold),Evangelical Lutheran Free Church,1
Våler (Østfold),Lutheranism,2
Våler (Østfold),Adventism,1
Våler (Østfold),Methodism,2
Våler (Østfold),Catholism,1
Våler (Østfold),Baptist,12
Våler (Østfold),Kristi Menighet,1
Våler (Østfold),Atheist,15
Værøy,Baptist,1
Ål,Evangelical Lutheran Free Church,1
Ål,Lutheranism,3
Ålesund,Kristi Menighet,7
Ålesund,Evangelical Lutheran Free Church,83
Ålesund,Adventism,3
Ålesund,Frimissionen,6
Ålesund,Frelsesarmeen,1
Ålesund,Jew,5
Ålesund,Atheist,89
Ålesund,Lutheranism,56
Ålesund,Baptist,11
Ålesund,Methodism,212
Åmli,Evangelical Lutheran Free Church,5
Åmli,Baptist,6
Åmli,Guds Menighed,5
Åmli,Atheist,14
Åmli,Methodism,2
Åmli,Dissenter,19
Åmot,Baptist,1
Åmot,Atheist,9
Åmot,Evangelical Lutheran Free Church,4
Årdal,Baptist,5
Ås,Baptist,4
Ås,Dissenter,5
Ås,Methodism,6
Ås,Atheist,5
Ås,Evangelical Lutheran Free Church,1
Åseral,Atheist,2
Åsnes,Lutheranism,5
Åsnes,Dissenter,1
Åsnes,Atheist,4
Øksnes,Evangelical Lutheran Free Church,6
Øksnes,Frimissionen,2
Øksnes,Lutheranism,58
Øksnes,Adventism,10
Øksnes,Baptist,35
Øksnes,Atheist,7
Øksnes,Methodism,1
Ørland,Baptist,17
Ørland,Lutheranism,3
Ørland,Atheist,10
Ørsta,Lutheranism,20
Ørsta,Dissenter,23
Ørsta,Evangelical Lutheran Free Church,61
Ørsta,Atheist,12
Østre Toten,Evangelical Lutheran Free Church,15
Østre Toten,Atheist,4
Østre Toten,Lutheranism,4
Østre Toten,Adventism,2
Østre Toten,Methodism,6
Øvre Eiker,Baptist,1
Øvre Eiker,Atheist,75
Øvre Eiker,Methodism,9
Øvre Eiker,Evangelical Lutheran Free Church,6
Øvre Eiker,Adventism,1
Øvre Eiker,Svensk S,2
Øvre Eiker,Lutheranism,14
Øyer,Catholism,2
Øyer,Atheist,2
Øyer,Methodism,4
Øystre Slidre,Lutheranism,1
